phlorest_taxa_id,lexibank_taxa_id
A11_Londo,a11londo
A121_Mbonge,a121mbonge
A122_Bakundu,a122bakundu
A141_Lefo,a141lefo
A151_Nkongho,a151nkongho
A15A_Mbuu,a15ambuu
A15B_Mienge_NW_Manenguba,a15bmiengenwmanenguba
A15C_Akossi,a15cakossi
A15C_Elung_Central_Manenguba,a15celungcentralmanenguba
A15C_Mkaa,a15cmkaa
A15_Manenguba,a15manenguba
A22_Bakweri,a22bakweri
A24_Duala,a24duala
A27_Malimba,a27malimba
A31_Bubi,a31bubi
A32C_Batanga,a32cbatanga
A33a_Yasa,a33ayasa
A34_Benga,a34benga
A41_Barombi_Kang,a41barombikang
A42_Abo,a42abo
A43a_Basaa,a43abasaa
A44_Tunen,a44tunen
A45_Nyokon,a45nyokon
A462_Yambeta,a462yambeta
A46_Nomaande,a46nomaande
A51_Bafia_maja,a51bafiamaja
A53_Bafia_rikpa,a53bafiarikpa
A54_Tibea,a54tibea
A601_Tuki,a601tuki
A61_Ngoro_Asom,a61ngoroasom
A61_Ngoro_Bisoo,a61ngorobisoo
A61_Ngoro_lunda,a61ngorolunda
A621_Nubaca,a621nubaca
A622_Nugunu,a622nugunu
A62A_Nuasue,a62anuasue
A62A_Nukalonge,a62anukalonge
A62B_Mmala,a62bmmala
A62C_Libie,a62clibie
A63_Mangisa,a63mangisa
A71_Eton,a71eton
A72a_Ewondo,a72aewondo
A74a_Bulu,a74abulu
A75a_Fang_Bitam,a75afangbitam
A75a_Fang_Medouneu,a75afangmedouneu
A75a_Fang_Minvoul,a75afangminvoul
A803_Shiwa,a803shiwa
A81_Kwasio,a81kwasio
A832_Bekol,a832bekol
A83_Mekaa,a83mekaa
A841_Badwe,a841badwe
A84_Njem,a84njem
A85b_Bekwil_Makokou,a85bbekwilmakokou
A85b_Bekwil_Mv,a85bbekwilmv
A86c_Mpiemo,a86cmpiemo
A87_Bomwali,a87bomwali
A91_Kwakum,a91kwakum
A93_Kako,a93kako
Aghem_Grassfields,aghemgrassfields
B11F_Enenga,b11fenenga
B11a_Mpongwe,b11ampongwe
B11b_Orungu,b11borungu
B11c_Galwa,b11cgalwa
B11d_Dyumba,b11ddyumba
B201_Ndasa,b201ndasa
B202_Sigu,b202sigu
B203_Samaye,b203samaye
B204_Ndambomo_Li,b204ndambomoli
B204_Ndambomo_Massoukou,b204ndambomomassoukou
B204_Ndambomo_Mbadi,b204ndambomombadi
B21_Seki,b21seki
B22E_Mwesa,b22emwesa
B22a_Kele,b22akele
B22b_Koya,b22bkoya
B22b_Ngom,b22bngom
B23_Mbangwe,b23mbangwe
B24_Wumbvu,b24wumbvu
B251_Shake,b251shake
B252_Mahongwe,b252mahongwe
B25_Kota,b25kota
B301_Viya,b301viya
B302_Himba,b302himba
B304_Pinzi,b304pinzi
B305_Vove,b305vove
B31_Tsogo,b31tsogo
B32_Kande,b32kande
B404_Ngubi,b404ngubi
B41_Shira,b41shira
B42_Sangu_Mb,b42sangumb
B42_Sangu_Mi,b42sangumi
B43_Punu,b43punu
B44_Lumbu,b44lumbu
B501_Wanzi_E,b501wanzie
B501_Wanzi_Mo,b501wanzimo
B503_Vili,b503vili
B51_Duma,b51duma
B51_Duma_La,b51dumala
B52_Nzebi,b52nzebi
B53_Tsaangi_Poungi,b53tsaangipoungi
B601_Lempini,b601lempini
B602_Kaningi_Nord,b602kaninginord
B602_Kaningi_Sud,b602kaningisud
B62_Mbaama,b62mbaama
B63_Ndumu,b63ndumu
B701_Atsitsege,b701atsitsege
B71aIb_Teke_Ibali_Congo,b71aibtekeibalicongo
B71aLe_Teke_Leconi,b71aletekeleconi
B71a_Teke_Dj,b71atekedj
B71a_Teke_Os,b71atekeos
B77b_Fumu,b77bfumu
B78_Wuumu,b78wuumu
B81_Tiene,b81tiene
B82_Buma,b82buma
B84_Mbunda,b84mbunda
B85_Yanzi,b85yanzi
B85d_Nsongo,b85dnsongo
B85e_Mput,b85emput
B861_Ngul,b861ngul
B862_Lwel,b862lwel
B863_Pindi,b863pindi
B864_Ngong,b864ngong
B865_Nzadi,b865nzadi
B86_Dinga,b86dinga
B86_Dzing,b86dzing
Bamun_Grassfields,bamungrassfields
Bile_Jarawan,bilejarawan
Bwazza_Jarawan,bwazzajarawan
C101_Babole_Dz,c101baboledz
C101_Babole_Ep,c101baboleep
C101_Babole_Ma,c101babolema
C104_Aka,c104aka
C105_Mbenga,c105mbenga
C141_Bonyala,c141bonyala
C142_Mondongo,c142mondongo
C15_Bongili,c15bongili
C21_Ngare,c21ngare
C22_Akwa,c22akwa
C24_Koyo,c24koyo
C25A_Bunji,c25abunji
C25B_Olee,c25bolee
C25C_Ondinga,c25condinga
C25E_Eboyi,c25eeboyi
C25_Mboshi,c25mboshi
C302_Bolondo,c302bolondo
C322_Zamba,c322zamba
C323_Mpama,c323mpama
C32_Bobangi,c32bobangi
C34_Sakata,c34sakata
C36d_Lingala,c36dlingala
C36g_Monyongo,c36gmonyongo
C36g_Mosange,c36gmosange
C37_Ebudza,c37ebudza
C401_Babati_1919,c401babati1919
C401_Pakabete,c401pakabete
C412_Libobi,c412libobi
C41_Ngombe,c41ngombe
C42_Ebwela,c42ebwela
C43A_Baati,c43abaati
C44_Bwa,c44bwa
C52_Soko,c52soko
C52_Soko_1919,c52soko1919
C54_Turumba_1919,c54turumba1919
C55_Lokele,c55lokele
C61E_Konda,c61ekonda
C61_Mongo,c61mongo
C71_Tetela,c71tetela
C76_Ombo,c76ombo
C81_Dengese,c81dengese
C83_Bushong,c83bushong
C85_Wongo,c85wongo
D11_Mbole,d11mbole
D12_Lengola,d12lengola
D13_Metoko,d13metoko
D14_Enya,d14enya
D201_Liko,d201liko
D211_Kango,d211kango
D21_Baali,d21baali
D23_Kibira_Kumu_1919,d23kibirakumu1919
D24_Songola,d24songola
D25_Lega,d25lega
D28_Holoholo,d28holoholo
D311_Bila,d311bila
D313_Mbuttu_1919,d313mbuttu1919
D32_Bira,d32bira
D32_Bira_Bunia,d32birabunia
D331_Bvanuma,d331bvanuma
D333_Ndaaka,d333ndaaka
D334_Mbo,d334mbo
D33_Nyali,d33nyali
D43_Nyanga,d43nyanga
D55_Buyu,d55buyu
Duguri_Jarawan,dugurijarawan
E46_Sonjo,e46sonjo
E51_Kikuyu,e51kikuyu
E52_Embu,e52embu
E52_Mbeere,e52mbeere
E531_Muthambi,e531muthambi
E531_Mwimbi,e531mwimbi
E53_Igoji,e53igoji
E53_Imenti,e53imenti
E53_Meru,e53meru
E53_Meruimenti,e53meruimenti
E53_Merutig,e53merutig
E53_Miutini,e53miutini
E53_Tigania,e53tigania
E541_Chuka,e541chuka
E54_Tharaka,e54tharaka
E55_Kamba,e55kamba
E55_Kamba_Kitu,e55kambakitu
E55_Kamba_Mach,e55kambamach
E56_Daiso,e56daiso
E621B_Machame,e621bmachame
E621C_Siha,e621csiha
E621D_Kibosho,e621dkibosho
E622A_Kimochi,e622akimochi
E622C_Lema,e622clema
E622C_Mamba,e622cmamba
E622C_Vunjo,e622cvunjo
E623A_Kiseri,e623akiseri
E623D_Keni,e623dkeni
E623_Mkuu,e623mkuu
E64_Kahe,e64kahe
E65_Gweno,e65gweno
E701_Elwana,e701elwana
E71A_Upper_Pokomo,e71aupperpokomo
E72a_Giryama,e72agiryama
E73_Digo,e73digo
E74a_Dawida,e74adawida
E74a_Tuveta,e74atuveta
F12_Bende,f12bende
F21_Ntuzu,f21ntuzu
F21_Sukuma,f21sukuma
F22_Nyamwezi,f22nyamwezi
F23_Sumbwa,f23sumbwa
F24_Kimbu,f24kimbu
F25_Bungu,f25bungu
F31_Nyiramba,f31nyiramba
F32_Nyaturucha,f32nyaturucha
F32_Nyaturuwil,f32nyaturuwil
F33_Langi,f33langi
Fefe_Grassfields,fefegrassfields
G11_Gogo,g11gogo
G12_Kagulu,g12kagulu
G22A_North_Pare,g22anorthpare
G22B_South_Pare,g22bsouthpare
G22_Asu,g22asu
G23_Sambaa,g23sambaa
G24_Bondei,g24bondei
G31_Zigua,g31zigua
G32_Doe,g32doe
G32_Kwere,g32kwere
G33_Zaramo,g33zaramo
G34_Nguungulu,g34nguungulu
G35_Luguru,g35luguru
G36_Kami,g36kami
G37_Kutu,g37kutu
G39_Saghala,g39saghala
G401_Mwani,g401mwani
G412_Mwiini,g412mwiini
G41_Bajuni,g41bajuni
G42_Swahili,g42swahili
G42a_Amu,g42aamu
G42d_Unguja,g42dunguja
G43_Kae,g43kae
G44D_Maore,g44dmaore
G44a_Ngazija,g44angazija
G44b_Ndzwani,g44bndzwani
G51_Pogoro,g51pogoro
G52_Ndamba,g52ndamba
G61_Sangu,g61sangu
G62_Hehe,g62hehe
G63_Bena,g63bena
G64_Pangwa,g64pangwa
G65_Kinga,g65kinga
G66_Wanji,g66wanji
H111_Hangala,h111hangala
H11_Beembe,h11beembe
H12_Civili_Congo,h12civilicongo
H131_Kisundi_Congo_Kimongo_1988,h131kisundicongokimongo1988
H13_Kikunyi_1989,h13kikunyi1989
H16_Cilinji,h16cilinji
H16_Cimbala,h16cimbala
H16_Cizobe,h16cizobe
H16_Kikongo,h16kikongo
H16_Kimbata_Ngidinga,h16kimbatangidinga
H16_Kimbeko,h16kimbeko
H16a_Kisikongo_2013,h16akisikongo2013
H16a_Kisolongo_DRC_2012,h16akisolongodrc2012
H16b_Kindibu_2013,h16bkindibu2013
H16c_Kiyombe_DRC_1982,h16ckiyombedrc1982
H16c_Yombe,h16cyombe
H16d_Ciwoyo_DRC_2012,h16dciwoyodrc2012
H16f_Laadi,h16flaadi
H16g_Kimpangu_2012,h16gkimpangu2012
H16g_Ntandu,h16gntandu
H16h_Kinkanu_2012,h16hkinkanu2012
H21a_Kimbundu,h21akimbundu
H31_Yaka,h31yaka
H321_Soonde,h321soonde
H32_Suku,h32suku
H41_Mbala,h41mbala
H42_Hunganna,h42hunganna
JD53_Shi,jd53shi
JD62_Rundi,jd62rundi
JD64_Shubi,jd64shubi
JD65_Hangaza,jd65hangaza
JD66_Kiha,jd66kiha
JD67_Kivinza,jd67kivinza
JE11_Runyoro,je11runyoro
JE12_Rutooro,je12rutooro
JE13_Runyankore,je13runyankore
JE14_Rukiga,je14rukiga
JE15_Luganda,je15luganda
JE16_Lusoga,je16lusoga
JE17_Gwere,je17gwere
JE21_Runyambo,je21runyambo
JE22_Haya,je22haya
JE23_Zinza,je23zinza
JE24_Kerebe,je24kerebe
JE25_Jita,je25jita
JE25_Kilegi,je25kilegi
JE25_Mkwaya,je25mkwaya
JE31_Lumasaaba,je31lumasaaba
JE31c_Bukusu,je31cbukusu
JE32_Luyia,je32luyia
JE34_Samialugwe,je34samialugwe
JE401_Ngoreme,je401ngoreme
JE402_Ikizu,je402ikizu
JE403_Suba,je403suba
JE404_Shasi,je404shasi
JE41_Maragoli,je41maragoli
JE42_Gusii,je42gusii
JE43_Kuria,je43kuria
JE43_Kuria_Mago,je43kuriamago
JE43_Kuria_Tari,je43kuriatari
JE44_Zanaki,je44zanaki
JE45_Nata,je45nata
K11_Ciokwe,k11ciokwe
K14_Lwena,k14lwena
K15_Mbunda,k15mbunda
K21_Lozi,k21lozi
K31_Luyana,k31luyana
K332_Rumanyo,k332rumanyo
K33_Kwangali,k33kwangali
Kom_Grassfields,komgrassfields
Kulung_Jarawan,kulungjarawan
L11_Pende,l11pende
L12b_Holu,l12bholu
L13_Kwese,l13kwese
L221_Lwalwa,l221lwalwa
L23_Songe,l23songe
L31a_Luba_Kasai,l31alubakasai
L32_Kanyok,l32kanyok
L33_Luba_Shaba,l33lubashaba
L34_Hemba,l34hemba
L35_Sanga,l35sanga
L41_Kaonde,l41kaonde
L51_Salampasu,l51salampasu
L52_Lunda,l52lunda
L53_Runda,l53runda
L62_Nkoya,l62nkoya
M11_Pimbwe,m11pimbwe
M12_Lungwa,m12lungwa
M13_Fipa,m13fipa
M14_Rungu,m14rungu
M15_Mambwe,m15mambwe
M21_Ndali,m21ndali
M21_Wanda,m21wanda
M22_Namwanga,m22namwanga
M23_Nyiha,m23nyiha
M24_Malila,m24malila
M25_Safwa,m25safwa
M28_Lambya,m28lambya
M31_Nyakyusa,m31nyakyusa
M41_Taabwa,m41taabwa
M42_Bemba,m42bemba
M52_Lala,m52lala
M54_Lamba,m54lamba
M61_Lenje,m61lenje
M62_Soli,m62soli
M64_Tonga,m64tonga
Mbula_Jarawan,mbulajarawan
Moghamo_Grassfields,moghamograssfields
Mungaka_Grassfields,mungakagrassfields
N11_Manda,n11manda
N12_Ngoni,n12ngoni
N13_Matengo,n13matengo
N14_Mpoto,n14mpoto
N21_Tumbuka_Malawi,n21tumbukamalawi
N31_Chewa,n31chewa
N42_Kunda,n42kunda
Njen_Grassfields,njengrassfields
Oku_Grassfields,okugrassfields
P11_Ndengeleko,p11ndengeleko
P12_Rufiji,p12rufiji
P13_Matumbi,p13matumbi
P14_Ngindo,p14ngindo
P15_Mbunga,p15mbunga
P21_Yao,p21yao
P22_Mwera,p22mwera
P23_Simakonde,p23simakonde
P25_Mabia,p25mabia
P31G_Ikorovere,p31gikorovere
P31_Emakhua,p31emakhua
R11_Umbundu,r11umbundu
R21_Kwanyama,r21kwanyama
R22_Ndonga,r22ndonga
R31_Herero,r31herero
S11_Shona,s11shona
S16_Kalanga,s16kalanga
S21_Venda,s21venda
S311_Shekgalagari,s311shekgalagari
S31_Tswana,s31tswana
S41_Xhosa,s41xhosa
S42_Zulu,s42zulu
S44_Ndebele,s44ndebele
S51_Tshwa,s51tshwa
S53_Tsonga,s53tsonga
Tiv_Tivoid,tivtivoid
Zaambo_Jarawan,zaambojarawan
,d305nyangali
,d308ebodo
,d308bodo2
,d304homa1919
,d20bvamba1919
